{"cameraMode":{"drawMode":0,"name":"Shaded","section":"Shading Mode"},"sceneLighting":true,"audioPlay":false,"sceneViewState":{"showFog":true,"showMaterialUpdate":false,"showSkybox":true,"showFlares":true,"showImageEffects":true,"showParticleSystems":true},"in2DMode":false,"pivot":{"x":1.7300000190734864,"y":-0.07999998331069946,"z":-0.968999981880188},"rotation":{"x":-0.07511372864246369,"y":0.057402048259973529,"z":-0.004331170115619898,"w":-0.9955126047134399},"size":2.8578836917877199,"orthographic":false}